{"cameraMode":{"drawMode":0,"name":"Shaded","section":"Shading Mode"},"sceneLighting":true,"audioPlay":false,"sceneViewState":{"showFog":true,"showMaterialUpdate":false,"showSkybox":true,"showFlares":true,"showImageEffects":true,"showParticleSystems":true},"in2DMode":false,"pivot":{"x":-1.6385064125061036,"y":5.984199523925781,"z":3.3149681091308595},"rotation":{"x":0.0179673433303833,"y":-0.0593535415828228,"z":0.0010681928833946586,"w":0.9980766773223877},"size":14.898035049438477,"orthographic":true}