{"cameraMode":{"drawMode":0,"name":"Shaded","section":"Shading Mode"},"sceneLighting":true,"audioPlay":false,"sceneViewState":{"showFog":true,"showMaterialUpdate":false,"showSkybox":true,"showFlares":true,"showImageEffects":true,"showParticleSystems":true},"in2DMode":false,"pivot":{"x":-2.5509514808654787,"y":0.3559792637825012,"z":-1.2665959596633912},"rotation":{"x":0.13208165764808656,"y":-0.7744158506393433,"z":0.17213031649589539,"w":0.5943389534950256},"size":0.8660253882408142,"orthographic":false}