{"cameraMode":{"drawMode":0,"name":"Shaded","section":"Shading Mode"},"sceneLighting":true,"audioPlay":false,"sceneViewState":{"showFog":true,"showMaterialUpdate":false,"showSkybox":true,"showFlares":true,"showImageEffects":true,"showParticleSystems":true},"in2DMode":false,"pivot":{"x":1.648137092590332,"y":-1.4349782466888428,"z":3.2045114040374758},"rotation":{"x":0.27648410201072695,"y":0.41344937682151797,"z":-0.13335169851779939,"w":0.8572241067886353},"size":6.437662601470947,"orthographic":false}