{"cameraMode":{"drawMode":0,"name":"Shaded","section":"Shading Mode"},"sceneLighting":false,"audioPlay":false,"sceneViewState":{"showFog":true,"showMaterialUpdate":false,"showSkybox":false,"showFlares":true,"showImageEffects":true,"showParticleSystems":true},"in2DMode":false,"pivot":{"x":0.00012320280075073242,"y":0.0,"z":0.6212300062179565},"rotation":{"x":0.0056042419746518139,"y":0.6645362973213196,"z":-0.004984116181731224,"w":0.7472183108329773},"size":0.02497445046901703,"orthographic":false}