{"cameraMode":{"drawMode":0,"name":"Shaded","section":"Shading Mode"},"sceneLighting":true,"audioPlay":false,"sceneViewState":{"showFog":true,"showMaterialUpdate":false,"showSkybox":true,"showFlares":true,"showImageEffects":true,"showParticleSystems":true},"in2DMode":false,"pivot":{"x":-2.5675926208496095,"y":-2.269589424133301,"z":-3.347012758255005},"rotation":{"x":0.057294853031635287,"y":0.9153122305870056,"z":-0.37303784489631655,"w":0.14058272540569306},"size":3.4376611709594728,"orthographic":false}