{"cameraMode":{"drawMode":0,"name":"Shaded","section":"Shading Mode"},"sceneLighting":true,"audioPlay":false,"sceneViewState":{"showFog":true,"showMaterialUpdate":false,"showSkybox":true,"showFlares":true,"showImageEffects":true,"showParticleSystems":true},"in2DMode":false,"pivot":{"x":-4.490798473358154,"y":-32.22066879272461,"z":69.97467803955078},"rotation":{"x":0.2854418158531189,"y":0.014375351369380951,"z":-0.004281953442841768,"w":0.9582810997962952},"size":67.16531372070313,"orthographic":false}